[
  {
    "name": "Aamir Khan",
    "birthname": " Mohammed Aamir Hussain Khan",
    "birthdate": "1965-03-14",
    "birthplace": "Mumbai, Maharashtra, India",
    "Upcoming Movie": "Dunki"
  },
  {
    "name": "Adam Sandler",
    "birthname": "Adam Richard Sandler",
    "birthdate": "1966-09-09",
    "birthplace": "New York, United States"
  },
  {
    "name": "Adrianne Palicki",
    "birthname": "Adrianne Lee Palicki",
    "birthdate": "1983-05-06",
    "birthplace": "Toledo, Ohio, USA"
  },
  {
    "name": "Aisha Tyler",
    "birthname": "Aisha N. Tyler",
    "birthdate": "1970-09-18",
    "birthplace": "San Francisco, California, United States"
  },
  {
    "name": "Aishwarya Rai Bachchan",
    "birthname": "Aishwarya Rai",
    "birthdate": "1973-11-01",
    "birthplace": "Mangalore,Karnataka,India"
  },
  {
    "name": "Akira Akbar",
    "birthname": "Akira Akbar",
    "birthdate": "2006-10-02",
    "birthplace": "United States"
  },
  {
    "name": "Akshay Kumar",
    "birthname": "Rajiv Hari Om Bhatia",
    "birthdate": "1967-09-08",
    "birthplace": "Amritsar, Punjab, India"
  },
  {
    "name": "Alexandra Daddario",
    "birthname": "Alexandra Anna Daddario",
    "birthdate": "1986-03-16",
    "birthplace": "Manhattan, New York City, New York, USA"
  },
  {
    "name": "Algenis Perez Soto",
    "birthname": "Algenis Pérez Soto",
    "birthdate": "1987-01-01",
    "birthplace": "Quisqueya, Dominican Republic"
  },
  {
    "name": "Alia Bhatt",
    "birthname": "Alia Bhatt",
    "birthdate": "1993-03-15",
    "birthplace": "Mumbai, India"
  },
  {
    "name": "Amber Heard",
    "birthname": "Amber Laura Heard",
    "birthdate": "1986-04-22",
    "birthplace": "Austin, Texas, U.S"
  },
  {
    "name": "Amitabh Bachchan",
    "birthname": "Amitabh Harivansh Rai Bachchan",
    "birthdate": "1942-10-11",
    "birthplace": "Allahabad, India"
  },
  {
    "name": "Amy Adams",
    "birthname": "Amy Lou Adams",
    "birthdate": "1974-10-20",
    "birthplace": "Vicenza, Italy"
  },
  {
    "name": "Anatole Taubman",
    "birthname": "Anatole Taubman",
    "birthdate": "1970-12-23",
    "birthplace": "Zurich, Switzerland"
  },
  {
    "name": "Andrzej Seweryn",
    "birthname": "Andrzej Teodor Seweryn",
    "birthdate": "1946-04-25",
    "birthplace": " Heilbronn, Germany"
  },
  {
    "name": "Angelina Jolie",
    "birthname": "Angelina Jolie Voight",
    "birthdate": "1975-06-04",
    "birthplace": "Los Angeles, California, United States"
  },
  {
    "name": "Anne Hathaway",
    "birthname": "Anne Jacqueline Hathaway",
    "birthdate": "1982-11-12",
    "birthplace": "Brooklyn, New York, USA"
  },
  {
    "name": "Annette Bening",
    "birthname": "Annette Carol Bening",
    "birthdate": "1958-05-29",
    "birthplace": "Topeka, Kansas, USA"
  },
  {
    "name": "Anushka Shetty",
    "birthname": "Sweety Shetty",
    "birthdate": "1981-11-07",
    "birthplace": "Mangalore, India"
  },
  {
    "name": "Anya Taylor-Joy",
    "birthname": "Anya-Josephine Taylor-Joy",
    "birthdate": "1996-04-16",
    "birthplace": "Miami, Florida, United States"
  },
  {
    "name": "Arnold Schwarzenegger",
    "birthname": "Arnold Schwarzenegger",
    "birthdate": "1947-07-30",
    "birthplace": "Thal, Styria, Austria"
  },
  {
    "name": "Ashley Scott",
    "birthname": "Ashley McCall Scott",
    "birthdate": "1977-07-13",
    "birthplace": "Metairie, Louisiana"
  },
  {
    "name": "Ashton Kutcher",
    "birthname": "Christopher Ashton Kutcher",
    "birthdate": "1978-02-07",
    "birthplace": " Cedar Rapids, Iowa, United States"
  },
  {
    "name": "Aubrey Plaza",
    "birthname": "Aubrey Christina Plaza",
    "birthdate": "1984-06-26",
    "birthplace": "Wilmington, Delaware, United States"
  },
  {
    "name": "Ayelet Zurer",
    "birthname": "Ayelet Zurer",
    "birthdate": "1969-06-28",
    "birthplace": "Tel Aviv, Israel"
  },
  {
    "name": "Bárbara Colen",
    "birthname": "Bárbara Colen",
    "birthdate": "1986-02-17",
    "birthplace": "Belo Horizonte, Minas Gerais"
  },
  {
    "name": "Ben Affleck",
    "birthname": "Benjamin Geza Affleck-Boldt",
    "birthdate": "1972-08-15",
    "birthplace": "Berkeley, California, USA"
  },
  {
    "name": "Benedict Cumberbatch",
    "birthname": "Benedict Timothy Carlton Cumberbatch",
    "birthdate": "1976-07-19",
    "birthplace": "Hammersmith, London, England"
  },
  {
    "name": "Ben Mendelsohn",
    "birthname": "Paul Benjamin Mendelsohn",
    "birthdate": "1969-04-03",
    "birthplace": "Melbourne, Victoria, Australia"
  },
  {
    "name": "Bette Davis",
    "birthname": "Ruth Elizabeth Davis",
    "birthdate": "1908-04-05",
    "birthplace": "Lowell, Massachusetts, USA"
  },
  {
    "name": "Bill Skarsgard",
    "birthname": "Bill Istvan Günther Skarsgard",
    "birthdate": "1990-08-09",
    "birthplace": "Vallingby, Sweden"
  },
  {
    "name": "Bingbing Li",
    "birthname": "Bingbing Li",
    "birthdate": "1973-02-27",
    "birthplace": "Harbin, China"
  },
  {
    "name": "Bob Gunton",
    "birthname": "Robert Patrick Gunton Jr.",
    "birthdate": "1945-11-15",
    "birthplace": "Santa Monica, California, USA"
  },
  {
    "name": "Bonnie Aarons",
    "birthname": "Bonnie Aarons",
    "birthdate": "1979-06-03",
    "birthplace": "Los Angeles, California, United States"
  },
  {
    "name": "Brad Beyer",
    "birthname": "Bradford Beyer",
    "birthdate": "1973-09-20",
    "birthplace": "Waukesha, Wisconsin"
  },
  {
    "name": "Bradley Cooper",
    "birthname": "Bradley Charles Cooper",
    "birthdate": "1975-01-05",
    "birthplace": "Philadelphia, Pennsylvania, U.S"
  },
  {
    "name": "Brad Pitt",
    "birthname": "William Bradley Pitt",
    "birthdate": "1963-12-18",
    "birthplace": "Shawnee, Oklahoma, United States"
  },
  {
    "name": "Brandon T. Jackson",
    "birthname": "Brandon Timothy Jackson",
    "birthdate": "1984-03-07",
    "birthplace": "Detroit, Michigan, USA"
  },
  {
    "name": "Brett Cullen",
    "birthname": "Brett Cullen",
    "birthdate": "1956-08-26",
    "birthplace": "Houston, Texas, USA"
  },
  {
    "name": "Brie Larson",
    "birthname": "Brianne Sidonie Desaulniers",
    "birthdate": "1989-10-01",
    "birthplace": "Sacramento, California,USA"
  },
  {
    "name": "Brion James",
    "birthname": "Brion Howard James",
    "birthdate": "1945-02-20",
    "birthplace": "Redlands, California, U.S."
  },
  {
    "name": "Bruce Boxleitner",
    "birthname": "Bruce Boxleitner",
    "birthdate": "1950-03-12",
    "birthplace": "Elgin, Illinois, USA"
  },
  {
    "name": "Bruce Willis",
    "birthname": "Walter Bruce Willis",
    "birthdate": "1955-03-19",
    "birthplace": "Idar-Oberstein, West Germany"
  },
  {
    "name": "Burt Reynolds",
    "birthname": "Burton Leon Reynolds Jr.",
    "birthdate": "1936-02-11",
    "birthplace": "Lansing, Michigan, USA"
  },
  {
    "name": "Cary Elwes",
    "birthname": "Ivan Simon Cary Elwes",
    "birthdate": "1962-10-26",
    "birthplace": "Westminster, United Kingdom"
  },
  {
    "name": "Catherine O'Hara",
    "birthname": "Catherine Anne O'Hara",
    "birthdate": "1954-03-04",
    "birthplace": "Toronto, Ontario, Canada"
  },
  {
    "name": "Chang Chen",
    "birthname": " Mohammed Aamir Hussain Khan",
    "birthdate": "1976-11-14",
    "birthplace": "Taipé, Taiwan"
  },
  {
    "name": "Charlie Chaplin",
    "birthname": "Charles Spencer Chaplin",
    "birthdate": "1889-04-16",
    "birthplace": "England",
    "died": "1977-12-25",
    "restingplace": "Cimetière de Corsier-sur-Vevey, Switzerland"
  },
  {
    "name": "Charlie Cox",
    "birthname": " Charlie Thoamas Cox",
    "birthdate": "1982-12-15",
    "birthplace": "London, England, United Kingdom "
  },
  {
    "name": "Charlie Creed-Miles",
    "birthname": "Charlie Creed-Miles",
    "birthdate": "1972-03-24",
    "birthplace": "Nottingham, Nottinghamshire, England, United Kingdom"
  },
  {
    "name": "Charlie Hunnam",
    "birthname": "Charles Matthew Hunnam",
    "birthdate": "1980-04-10",
    "birthplace": "Newcastle, London, United Kingdom"
  },
  {
    "name": "Charlize Theron",
    "birthname": "Charlize Theron",
    "birthdate": "1975-08-07",
    "birthplace": "Benoni, South Africa"
  },
  {
    "name": "Cheng Pei-pei",
    "birthname": "Cheng Pei-pei",
    "birthdate": "1946-01-06",
    "birthplace": "Xangai, China"
  },
  {
    "name": "Chiara Aurelia",
    "birthname": "Chiara Aurelia De Braconier D’alphen",
    "birthdate": "2002-09-13",
    "birthplace": "Taos, New Mexico, USA"
  },
  {
    "name": "Chloe Bennet",
    "birthname": " Chloe Wang",
    "birthdate": "1992-04-18",
    "birthplace": "Chicago, Illinois, USA"
  },
  {
    "name": "Chow Yun-Fat",
    "birthname": "Chow Yun-Fat",
    "birthdate": "1955-05-18",
    "birthplace": "Lamma Island, Hong Kong"
  },
  {
    "name": "Chris Evans",
    "birthname": "Christopher Robert Evans",
    "birthdate": "1981-06-13",
    "birthplace": "Boston, Massachusetts, USA"
  },
  {
    "name": "Chris Hemsworth",
    "birthname": "Chris Hemsworth",
    "birthdate": "1983-08-11",
    "birthplace": "Melbourne,Victoria,Australia"
  },
  {
    "name": "Chris Pine",
    "birthname": "Chris Pine",
    "birthdate": "1980-08-26",
    "birthplace": "Los Angeles, California, USA"
  },
  {
    "name": "Chris Pratt",
    "birthname": "Christopher Michael Pratt",
    "birthdate": "1979-06-21",
    "birthplace": "Virginia, Minnesota, U.S."
  },
  {
    "name": "Christian Bale",
    "birthname": "Christian Charles Philip Bale",
    "birthdate": "1974-01-30",
    "birthplace": "Haverfordwest, Pembrokeshire, UK"
  },
  {
    "name": "Christopher Fairbank",
    "birthname": "Christopher Fairbank",
    "birthdate": "1953-10-04",
    "birthplace": "Hertfordshire, England, United Kingdom"
  },
  {
    "name": "Christoph Waltz",
    "birthname": "Cristoph Waltz",
    "birthdate": "1956-10-04",
    "birthplace": "Vienna, Austria"
  },
  {
    "name": "Chris Tucker",
    "birthname": "Chris Tucker",
    "birthdate": "1971-08-31",
    "birthplace": "Atlanta, Georgia, U.S."
  },
  {
    "name": "Clancy Brown",
    "birthname": "Clarence J. Brown III",
    "birthdate": "1959-01-05",
    "birthplace": "Urbana, Ohio, USA"
  },
  {
    "name": "Clarice Falcão",
    "birthname": "Clarice Franco de Abreu Falcão",
    "birthdate": "1989-10-23",
    "birthplace": "Recife, Pernambuco, Brazil"
  },
  {
    "name": "Clark Gregg",
    "birthname": "Robert Clark Gregg",
    "birthdate": "1962-04-02",
    "birthplace": "Boston,Massachusetts,USA"
  },
  {
    "name": "Claude Rains",
    "birthname": "William Claude Rains",
    "birthdate": "1889-11-10",
    "birthplace": "London, England"
  },
  {
    "name": "Clint Eastwood",
    "birthname": "Clinton Eastwood Jr.",
    "birthdate": "1930-05-31",
    "birthplace": "San Francisco, California"
  },
  {
    "name": "Colin Ford",
    "birthname": "Colin Ford",
    "birthdate": "1996-09-12",
    "birthplace": "Nashville, Tennessee, U.S.A"
  },
  {
    "name": "Colin Mochrie",
    "birthname": "Colin Andrew Mochrie",
    "birthdate": "1957-11-30",
    "birthplace": "Kilmarnock, Scotland"
  },
  {
    "name": "Cristin Milioti",
    "birthname": "Cristin Milioti",
    "birthdate": "1985-08-16",
    "birthplace": "Cherry Hill, New Jersey, U.S."
  },
  {
    "name": "Daisuke Ono",
    "birthname": "Daisuke Ono",
    "birthdate": "1978-05-04",
    "birthplace": "Sakawa, Takaoka District, Kōchi Prefecture, Japan"
  },
  {
    "name": "Daisy Ridley",
    "birthname": "Daisy Jazz Isobel Ridley",
    "birthdate": "1992-04-10",
    "birthplace": "London, England, UK"
  },
  {
    "name": "Daniel Craig",
    "birthname": "Daniel Wroughton Craig",
    "birthdate": "1968-03-02",
    "birthplace": "Liverpool, United Kingdom"
  },
  {
    "name": "Daniel Olbrychski",
    "birthname": "Daniel Marcel Olbrychski",
    "birthdate": "1945-02-27",
    "birthplace": "Lowicz, Poland"
  },
  {
    "name": "Daniel Radcliffe",
    "birthname": "Daniel Jacob Radcliffe",
    "birthdate": "1989-07-23",
    "birthplace": "London, United Kingdom"
  },
  {
    "name": "Daniel Stern",
    "birthname": "Daniel Jacob Stern",
    "birthdate": "1957-08-28",
    "birthplace": "Bethesda, Maryland, U.S."
  },
  {
    "name": "David Dobrik",
    "birthname": "David Dobrik",
    "birthdate": "1996-23-7",
    "birthplace": "Košice, Slovakia"
  },
  {
    "name": "David Oyelowo",
    "birthname": "David Oyetokunbo Oyelowo",
    "birthdate": "1976-04-01",
    "birthplace": "Oxford, England"
  },
  {
    "name": "David Warner",
    "birthname": "David Hattersley Warner",
    "birthdate": "1941-07-29",
    "birthplace": "Manchester, England, UK"
  },
  {
    "name": "Djimon Hounsou",
    "birthname": "Djimon Gaston Hounsou",
    "birthdate": "1964-04-24",
    "birthplace": "Cotonou, Dahomey"
  },
  {
    "name": "DOBALLAH Reda",
    "birthname": "DOBALLAH Reda",
    "birthdate": "1999-02-22",
    "birthplace": "Oran, Algeria"
  },
  {
    "name": "Donald Glover",
    "birthname": "Donald McKinley Glover",
    "birthdate": "1983-09-25",
    "birthplace": "Stone Mountain, Georgia, USA"
  },
  {
    "name": "Dudley Digges",
    "birthname": "Dudley Digges",
    "birthdate": "1879-06-09",
    "birthplace": "Dublin, Ireland"
  },
  {
    "name": "Dwayne Johnson",
    "birthname": "Dwayne Douglas Johnson",
    "birthdate": "1972-05-02",
    "birthplace": "Hayward, California, United States"
  },
  {
    "name": "Dylan Neal",
    "birthname": "Dylan Jeremy Neal",
    "birthdate": "1969-10-08",
    "birthplace": "Richmond Hill, Ontario, Canada"
  },
  {
    "name": "Eddie Murphy",
    "birthname": "Edward Regan Murphy",
    "birthdate": "1961-04-03",
    "birthplace": "Brookyln, New York, United States"
  },
  {
    "name": "Ed Helms",
    "birthname": "Edward Parker Helms",
    "birthdate": "1974-01-24",
    "birthplace": "Atlanta, Georgia,, United States"
  },
  {
    "name": "Ed Speleers",
    "birthname": "Edward John Speleers",
    "birthdate": "1988-04-07",
    "birthplace": "Chichester, England, UK"
  },
  {
    "name": "Emma Stone",
    "birthname": "Emily Jean Stone",
    "birthdate": "1988-11-06",
    "birthplace": "Scottsdale, Arizona, United States"
  },
  {
    "name": "Emma Watson",
    "birthname": "Emma Charlotte Duerre Watson",
    "birthdate": "1990-04-15",
    "birthplace": "Paris, France"
  },
  {
    "name": "Erica Cerra",
    "birthname": "Erica Cerra",
    "birthdate": "1979-10-31",
    "birthplace": "Vancouver, British Columbia, Canada"
  },
  {
    "name": "Evangeline Lilly",
    "birthname": "Nicole Evangeline Lilly",
    "birthdate": "1979-08-03",
    "birthplace": "Fort Saskatchewan, Alberta, Canada"
  },
  {
    "name": "Ezra Miller",
    "birthname": "Ezra Matthew Miller",
    "birthdate": "1992-09-30",
    "birthplace": " Hoboken, New Jersey, United States"
  },
  {
    "name": "Felicity Jones",
    "birthname": "Felicity Rose Hadley Jones",
    "birthdate": "1983-10-17",
    "birthplace": "Birmingham, West Midlands, England"
  },
  {
    "name": "Finn Wittrock",
    "birthname": "Peter L. Wittrock Jr.",
    "birthdate": "1984-19-28",
    "birthplace": "Lenox, Massachusetts, USA"
  },
  {
    "name": "Forrester Harvey",
    "birthname": "Forrester Harvey",
    "birthdate": "1884-06-27",
    "birthplace": "Cork, Ireland"
  },
  {
    "name": "Frances Conroy",
    "birthname": "Frances Conroy",
    "birthdate": "1953-11-13",
    "birthplace": "Monroe, Georgia, USA"
  },
  {
    "name": "Gal Gadot",
    "birthname": "Gal Gadot",
    "birthdate": "1985-04-30",
    "birthplace": "Petah Tikva, Israel"
  },
  {
    "name": "Garrett Hedlund",
    "birthname": "Garrett John Hedlund",
    "birthdate": "1984-09-03",
    "birthplace": "Roseau, Minnesota, USA"
  },
  {
    "name": "Gary Oldman",
    "birthname": "Gary Leonard Oldman",
    "birthdate": "1958-03-21",
    "birthplace": "New Cross, London, United Kingdom"
  },
  {
    "name": "Gemma Chan",
    "birthname": "Gemma Chan",
    "birthdate": "1982-11-29",
    "birthplace": "London, United Kingdom"
  },
  {
    "name": "Gerald McRaney",
    "birthname": "Gerald Lee McRaney",
    "birthdate": "1947-08-19",
    "birthplace": "Collins, Mississippi"
  },
  {
    "name": "Gerard Butler",
    "birthname": "Gerard James Butler",
    "birthdate": "1969-11-13",
    "birthplace": "Paisley, Scotland, UK"
  },
  {
    "name": "Gloria Stuart",
    "birthname": "Gloria Frances Stewart",
    "birthdate": "1910-07-04",
    "birthplace": "Santa Monica, California, USA"
  },
  {
    "name": "Haley Joel Osment",
    "birthname": "Haley Joel Osment",
    "birthdate": "1988-04-10",
    "birthplace": "Los Angeles, California, USA"
  },
  {
    "name": "Harrison Ford",
    "birthname": "Harrison Ford",
    "birthdate": "1942-07-13",
    "birthplace": "Chicago, Illinois, USA"
  },
  {
    "name": "Hasanga Lakdinu",
    "birthname": "hasanga Lakdinu",
    "birthdate": "1996-12-31",
    "birthplace": "Kegalle,Srilanka"
  },
  {
    "name": "Heather Joan Graham",
    "birthname": "Heather Graham",
    "birthdate": "1970-01-29",
    "birthplace": "Milwaukee, Wisconsin, United States"
  },
  {
    "name": "Heath Ledger",
    "birthname": "Heathcliff Andrew Ledger",
    "birthdate": "1979-04-04",
    "birthplace": "New York City, New York, United States"
  },
  {
    "name": "Henry Cavill",
    "birthname": "Henry William Dalgliesh Cavill",
    "birthdate": "1983-05-05",
    "birthplace": "Saint Helier, Jersey, Great Britain"
  },
  {
    "name": "Henry Travers",
    "birthname": "Travers John Heagerty",
    "birthdate": "1874-03-05",
    "birthplace": "Prudhoe, Northumberland, England"
  },
  {
    "name": "hitesh deshmukh",
    "birthname": " deshmuk palraj ",
    "birthdate": "1975-03-14",
    "birthplace": "Mumbai, Maharashtra, India"
  },
  {
    "name": "Honor Blackman",
    "birthname": "Honor Blackman",
    "birthdate": "1925-08-22",
    "birthplace": "Plaistow, Essex, England"
  },
  {
    "name": "Hugh Jackman",
    "birthname": "Hugh Michael Jackman",
    "birthdate": "1968-10-12",
    "birthplace": "Sydney, New South Wales, Australia"
  },
  {
    "name": "Ian Holm",
    "birthname": "Ian Holm Cuthbert",
    "birthdate": "1931-09-12",
    "birthplace": "Goodmayes, Essex, England, United Kingdom"
  },
  {
    "name": "Idris Elba",
    "birthname": "Idrissa Akuna Elba",
    "birthdate": "1972-09-06",
    "birthplace": "Hackney, London, England"
  },
  {
    "name": "Iko Uwais",
    "birthname": "Uwais Qorny",
    "birthdate": "1983-02-12",
    "birthplace": "Jakarta, Indonesia"
  },
  {
    "name": "Ikue Ootani",
    "birthname": "Ikue Ootani",
    "birthdate": "1965-10-18",
    "birthplace": "Tokyo, Japan"
  },
  {
    "name": "Issa Rae",
    "birthname": "Jo-Issa Rae Diop",
    "birthdate": "1985-01-12",
    "birthplace": "Los Angeles, California, USA"
  },
  {
    "name": "Jack Black",
    "birthname": "Thomas Jacob Black",
    "birthdate": "1969-08-28",
    "birthplace": "Santa Monica, California, United States"
  },
  {
    "name": "Jackie Chan",
    "birthname": "Chan Kong-sang",
    "birthdate": "1954-04-07",
    "birthplace": "Victoria Peak, British Hong Kong"
  },
  {
    "name": "Jaden Smith",
    "birthname": "Jaden Christopher Syre Smith",
    "birthdate": "1998-07-08",
    "birthplace": "Malibu, California, U.S.A"
  },
  {
    "name": "Jake Abel",
    "birthname": "Jacob Allen Abel",
    "birthdate": "1987-11-18",
    "birthplace": "Canton, Ohio, USA"
  },
  {
    "name": "James Franco",
    "birthname": "James Edward Franco",
    "birthdate": "1978-04-19",
    "birthplace": "Palo Alto, California, USA"
  },
  {
    "name": "James McAvoy",
    "birthname": "James McAvoy Jr",
    "birthdate": "1979-04-21",
    "birthplace": "Glasgow, United Kingdom"
  },
  {
    "name": "Jamie Dornan",
    "birthname": "James Peter Maxwell Dornan",
    "birthdate": "1982-05-01",
    "birthplace": "Holywood, Country Down, Northern Ireland"
  },
  {
    "name": "Janusz Gajos",
    "birthname": "Janusz Jerzy Gajos.",
    "birthdate": "1939-09-23",
    "birthplace": "Dabrowa Górnicza, Poland"
  },
  {
    "name": "Jared Leto",
    "birthname": "Jared Leto",
    "birthdate": "1971-12-26",
    "birthplace": "Bossier, Louisiana, USA"
  },
  {
    "name": "Jason Bateman",
    "birthname": "Jason Kent Bateman",
    "birthdate": "1969-01-14",
    "birthplace": "Rye, New York, United States"
  },
  {
    "name": "Jason Mewes",
    "birthname": "Jason Edward Mewes",
    "birthdate": "1974-06-12",
    "birthplace": "Highlands, New Jersey, USA"
  },
  {
    "name": "Jason Momoa",
    "birthname": "Joseph Jason Namakaeha Momoa",
    "birthdate": "1979-08-01",
    "birthplace": "Honolulu, Hawaii, United States"
  },
  {
    "name": "Jason Statham",
    "birthname": "Jason Statham",
    "birthdate": "1967-06-26",
    "birthplace": "Shirebrook, Derbyshire, England, UK"
  },
  {
    "name": "Jean Dujardin",
    "birthname": "Jean Dujardin",
    "birthdate": "1972-06-19",
    "birthplace": "Rueil-Malmaison, France"
  },
  {
    "name": "Jeffrey Bridges",
    "birthname": "Jeffrey Leon Bridges",
    "birthdate": "1949-12-04",
    "birthplace": "Los Angeles, California, USA"
  },
  {
    "name": "Jeff Goldblum",
    "birthname": "Jeffrey Lynn Goldblum",
    "birthdate": "1952-10-22",
    "birthplace": " West Homestead, Pennsylvania, Pittsburgh, USA"
  },
  {
    "name": "Jeffrey Tambor",
    "birthname": "Jeffrey Tambor",
    "birthdate": "1944-07-08",
    "birthplace": "San Francisco, United States"
  },
  {
    "name": "Jeff Roop",
    "birthname": "Jeffrey Robert Roop",
    "birthdate": "1973-08-21",
    "birthplace": "Montréal, Québec, Canada"
  },
  {
    "name": "Jennifer Aniston",
    "birthname": "Jennifer Joanna Aniston",
    "birthdate": "1969-02-11",
    "birthplace": "Sherman Oaks, California"
  },
  {
    "name": "Jennifer Connelly",
    "birthname": "Jennifer Lynn Connelly",
    "birthdate": "1970-12-12",
    "birthplace": "Cairo, New York, U.S."
  },
  {
    "name": "Jennifer Garner",
    "birthname": "Jennifer Anne Garner",
    "birthdate": "1972-04-17",
    "birthplace": "Houston, Texas, USA"
  },
  {
    "name": "Jennifer Lawrence",
    "birthname": "Jennifer Shrader Lawrence",
    "birthdate": "1990-08-15",
    "birthplace": "Indian Hills, Kentucky, United States"
  },
  {
    "name": "Jeremy John Irons",
    "birthname": "Edward John Speleers",
    "birthdate": "1948-09-19",
    "birthplace": "Cowes, Isle of Wight, England, UK"
  },
  {
    "name": "Jeremy Renner",
    "birthname": "Jeremy Lee Renner",
    "birthdate": "1971-01-07",
    "birthplace": "Modesto,California,USA"
  },
  {
    "name": "Jerzy Stuhr",
    "birthname": "Jerzy Oskar Stuhr",
    "birthdate": "1947-04-18",
    "birthplace": "Krakow, Poland"
  },
  {
    "name": "Jim Carrey",
    "birthname": "James Eugene Carrey",
    "birthdate": "1962-01-17",
    "birthplace": "Newmarket, Ontario, Canada"
  },
  {
    "name": "Joan Crawford",
    "birthname": "Lucille Fay LeSueur",
    "birthdate": "1906-03-23",
    "birthplace": "San Antonio, Texas, USA"
  },
  {
    "name": "Joaquin Phoenix",
    "birthname": "Joaquin Rafael Phoenix",
    "birthdate": "1974-10-28",
    "birthplace": "San Juan, Puerto Rico"
  },
  {
    "name": "Joe Pesci",
    "birthname": "Joseph Frank Pesci",
    "birthdate": "1943-02-09",
    "birthplace": "Newark, New Jersey, U.S."
  },
  {
    "name": "John Bluthal",
    "birthname": "John Bluthal",
    "birthdate": "1929-03-28",
    "birthplace": "Malopolskie, Poland"
  },
  {
    "name": "John Boyega",
    "birthname": "John Boyega",
    "birthdate": "1992-03-17",
    "birthplace": "Peckham, London, England, UK"
  },
  {
    "name": "John Heard",
    "birthname": "John Heard Jr.",
    "birthdate": "1946-03-07",
    "birthplace": "Washington, D.C., U.S."
  },
  {
    "name": "John Malkovich",
    "birthname": "John Gavin Malkovich",
    "birthdate": "1953-12-09",
    "birthplace": "Christopher, Illinois, USA"
  },
  {
    "name": "John Neville",
    "birthname": "John Reginald Neville",
    "birthdate": "1925-05-02",
    "birthplace": "Willesden, London, England, United Kingdom"
  },
  {
    "name": "Johnny Depp",
    "birthname": "John Christopher Depp II",
    "birthdate": "1963-09-06",
    "birthplace": " Owensboro, Kentucky, USA"
  },
  {
    "name": "Johnny Hooker",
    "birthname": "John Donovan Maia",
    "birthdate": "1987-08-06",
    "birthplace": "Recife, Pernambuco, Brazil"
  },
  {
    "name": "Jonah Hill",
    "birthname": "Jonah Hill Feldstein",
    "birthdate": "1983-12-20",
    "birthplace": "Los Angeles, California, United States"
  },
  {
    "name": "Jon Bernthal",
    "birthname": "Jonathan Edward Bernthal",
    "birthdate": "1976-09-20",
    "birthplace": "Washington, D.C, U.S.A"
  },
  {
    "name": "Josh Helman",
    "birthname": "Josh Helman",
    "birthdate": "1986-02-22",
    "birthplace": "Adelaide, Australia"
  },
  {
    "name": "Jude Law",
    "birthname": "David Jude Heyworth Law",
    "birthdate": "1972-12-29",
    "birthplace": "Lewisham, London, England"
  },
  {
    "name": "Julia Roberts",
    "birthname": "Julia Fiona Roberts",
    "birthdate": "1967-10-28",
    "birthplace": "Smyrna, Georgia, United States"
  },
  {
    "name": "Justin Bartha",
    "birthname": "Justin Lee Bartha",
    "birthdate": "1978-07-21",
    "birthplace": "West Bloomfield, Michigan, United States"
  },
  {
    "name": "Karen Gillan",
    "birthname": "Karen Sheila Gillan",
    "birthdate": "1987-11-28",
    "birthplace": "Inverness, Scotland"
  },
  {
    "name": "Kate Beckinsale",
    "birthname": "Kathrin Romary Beckinsale",
    "birthdate": "1973-07-26",
    "birthplace": "Chiswick, Borough of Hounslow, London, England"
  },
  {
    "name": "Kaya Scodelario",
    "birthname": "Kaya Rose Scodelario-Davis",
    "birthdate": "1992-03-13",
    "birthplace": "Haywards Heath, United Kingdom"
  },
  {
    "name": "Kazuhiro Yamaji",
    "birthname": "Kazuhiro Yamaji",
    "birthdate": "1954-06-04",
    "birthplace": "Mie Prefecture, Japan"
  },
  {
    "name": "Keanu Reeves",
    "birthname": "Keanu Charles Reeves",
    "birthdate": "1964-09-02",
    "birthplace": "Beirut, Lebanon"
  },
  {
    "name": "Keira Knightley",
    "birthname": "Keira Christina Knightley",
    "birthdate": "1985-03-26",
    "birthplace": "Teddington, Middlesex, England, UK"
  },
  {
    "name": "Kelly Ripa",
    "birthname": "Kelly Maria Ripa",
    "birthdate": "1970-10-02",
    "birthplace": "Stratford, New Jersey,USA"
  },
  {
    "name": "Kenichi Ogata",
    "birthname": "Kenichi Ogata",
    "birthdate": "1942-03-29",
    "birthplace": "Tagawa, Fukuoka"
  },
  {
    "name": "Ken Jeong",
    "birthname": "Ken Jeong",
    "birthdate": "1969-07-13",
    "birthplace": "Detroit, United States"
  },
  {
    "name": "Kenneth Mitchell",
    "birthname": "Kenneth Alexander Mitchell",
    "birthdate": "1974-11-25",
    "birthplace": "Toronto, Ontario, Canada"
  },
  {
    "name": "Kevin Bacon",
    "birthname": "Kevin Bacon",
    "birthdate": "1958-07-08",
    "birthplace": "Philadelphia, Pennsylvania, USA"
  },
  {
    "name": "Kevin Costner",
    "birthname": "Kevin Michael Costner",
    "birthdate": "1955-01-18",
    "birthplace": "Lynwood, California, USA"
  },
  {
    "name": "Kevin Hart",
    "birthname": "Kevin Darnell Hart",
    "birthdate": "1979-07-06",
    "birthplace": "Philadelphia, Pennsylvania, United States"
  },
  {
    "name": "Kevin McKidd",
    "birthname": "Kevin McKidd",
    "birthdate": "1973-08-09",
    "birthplace": "Elgin, Moray, Scotland"
  },
  {
    "name": "Kevin Smith",
    "birthname": "Kevin Patrick Smith",
    "birthdate": "1970-08-02",
    "birthplace": "Red Bank, New Jersey, USA"
  },
  {
    "name": "Krysten Ritter",
    "birthname": "Krysten Alice Ritter",
    "birthdate": "1981-12-16",
    "birthplace": "Bloomsburg, Pennsylvania"
  },
  {
    "name": "Lana Condor",
    "birthname": "Tran Dong Lan",
    "birthdate": "1997-05-11",
    "birthplace": "Can Tho, Vietnam"
  },
  {
    "name": "Lashana Lynch",
    "birthname": "Lashana Rasheda Lynch",
    "birthdate": "1987-11-27",
    "birthplace": "London, England"
  },
  {
    "name": "Lee Evans",
    "birthname": "Lee John Martin Evans",
    "birthdate": "1964-02-25",
    "birthplace": "Avonmouth, Bristol, England, United Kingdom"
  },
  {
    "name": "Lee Pace",
    "birthname": "Lee Grinner Pace",
    "birthdate": "1979-03-25",
    "birthplace": "Chickasha, Oklahoma, USA"
  },
  {
    "name": "Leonardo DiCaprio",
    "birthname": "Leonardo Wilhelm DiCaprio",
    "birthdate": "1974-11-11",
    "birthplace": "Los Angeles, California, USA"
  },
  {
    "name": "Letitia Wright",
    "birthname": "Letitia Michelle Wright",
    "birthdate": "1993-10-31",
    "birthplace": "Georgetown, Guyana"
  },
  {
    "name": "Lili Simmons",
    "birthname": "Lili Simmons",
    "birthdate": "1993-07-23",
    "birthplace": "San Diego, California, USA"
  },
  {
    "name": "Logan Lerman",
    "birthname": "Logan Wade Lerman",
    "birthdate": "1992-01-19",
    "birthplace": "Beverly Hills, California, USA"
  },
  {
    "name": "Lou Taylor Pucci",
    "birthname": " Lou Taylor Pucci",
    "birthdate": "1985-07-27",
    "birthplace": "Seaside Heights, New Jersey, United States"
  },
  {
    "name": "Lucas Hedges",
    "birthname": "Lucas Susan Hedges",
    "birthdate": "1996-12-12",
    "birthplace": "Brooklyn Heights, New York City, New York, USA"
  },
  {
    "name": "Lucas Till",
    "birthname": "Lucas Daniel Till",
    "birthdate": "1990-08-10",
    "birthplace": "Fort Hood, Texas, United States"
  },
  {
    "name": "Luke Perry",
    "birthname": "Coy Luther Perry III",
    "birthdate": "1966-10-11",
    "birthplace": "Mansfield, Ohio, U.S."
  },
  {
    "name": "Macaulay Culkin",
    "birthname": "Macaulay Carson Culkin",
    "birthdate": "1980-08-26",
    "birthplace": "New York City, New York, USA"
  },
  {
    "name": "Mads Mikkelsen",
    "birthname": "Mads Dittmann Mikkelsen",
    "birthdate": "1965-11-22",
    "birthplace": "Copenhagen, Denmark"
  },
  {
    "name": "Maidie Norman",
    "birthname": "Maidie Ruth Gamble",
    "birthdate": "1912-10-16",
    "birthplace": "Villa Rica, Georgia, USA"
  },
  {
    "name": "Malin Akerman",
    "birthname": "Malin Maria Akerman",
    "birthdate": "1978-05-12",
    "birthplace": "Stockholm, Sweden"
  },
  {
    "name": "Margot Robbie",
    "birthname": "Margot Elise Robbie",
    "birthdate": "1990-07-02",
    "birthplace": "Dalby, Australia"
  },
  {
    "name": "Marilyn Monroe",
    "birthname": "Norma Jeane Mortenson",
    "birthdate": "1926-06-01",
    "birthplace": "Los Angeles, California, United States of America"
  },
  {
    "name": "Mark Hamill",
    "birthname": "Mark Richard Hamill",
    "birthdate": "1951-09-25",
    "birthplace": "Oakland, California, USA"
  },
  {
    "name": "Mark Ruffalo",
    "birthname": "Mark Alan Ruffalo",
    "birthdate": "1967-11-22",
    "birthplace": "New York City,New York,U.S"
  },
  {
    "name": "Martin Freeman",
    "birthname": "Martin John Christopher Freeman",
    "birthdate": "1971-09-08",
    "birthplace": "Aldershot, Hampshire, England"
  },
  {
    "name": "Martin Lawrence",
    "birthname": "Martin Fitzgerald Lawrence",
    "birthdate": "1965-04-16",
    "birthplace": "Frankfurt, Germany"
  },
  {
    "name": "Mary-Louise Parker",
    "birthname": "Mary-Louise Parker",
    "birthdate": "1964-08-02",
    "birthplace": "Fort Jackson, South Carolina, USA"
  },
  {
    "name": "Masaki Terasoma",
    "birthname": "Masaki Terasoma",
    "birthdate": "1962-05-08",
    "birthplace": "Nishomiya, Hyogo Prefecture, Japan"
  },
  {
    "name": "Masako Katsuki",
    "birthname": "Masako Katsuki",
    "birthdate": "1958-10-15",
    "birthplace": "Hachinohe, Aomori, Japan"
  },
  {
    "name": "Mathieu Kassovitz",
    "birthname": "Mathieu Kassovitz",
    "birthdate": "1967-08-03",
    "birthplace": "Paris, France"
  },
  {
    "name": "Matt Damon",
    "birthname": "Matthew Paige Damon",
    "birthdate": "1970-10-08",
    "birthplace": "Cambridge, Massachusetts, USA"
  },
  {
    "name": "Matthew Maher",
    "birthname": "Matthew Maher",
    "birthdate": "1971-01-01",
    "birthplace": "New York City, New York"
  },
  {
    "name": "Matthew McConaughey",
    "birthname": "Matthew David McConaughey",
    "birthdate": "1969-11-04",
    "birthplace": "Uvalde, Texas, USA"
  },
  {
    "name": "Mckenna Grace",
    "birthname": "Mckenna Grace",
    "birthdate": "2006-06-25",
    "birthplace": "Grapevine, Texas, USA"
  },
  {
    "name": "Megumi Hayashibara",
    "birthname": "Megumi Hayashibara",
    "birthdate": "1967-03-30",
    "birthplace": "Tokyo, Japan"
  },
  {
    "name": "Melina Kanakaredes",
    "birthname": "Melina Eleni Kanakaredes Constantinides",
    "birthdate": "1967-04-23",
    "birthplace": "Akron, Ohio, USA"
  },
  {
    "name": "Melissa Roxburgh",
    "birthname": "Melissa Roxburgh",
    "birthdate": "1992-12-10",
    "birthplace": "Vancouver, British Columbia, Canada"
  },
  {
    "name": "Michelle Rodriguez",
    "birthname": "Mayte Michelle Rodríguez",
    "birthdate": "1978-07-12",
    "birthplace": "San Antonio, Texas, USA"
  },
  {
    "name": "Michelle Yeoh",
    "birthname": "Michelle Yeoh Choo-Kheng",
    "birthdate": "1962-08-06",
    "birthplace": "Ipoh, Malásia"
  },
  {
    "name": "Mila Kunis",
    "birthname": "Milena Markovna Kunis",
    "birthdate": "1983-08-14",
    "birthplace": "Chernivtsi, Ukraine"
  },
  {
    "name": "Miles Teller",
    "birthname": "Miles Teller",
    "birthdate": "1987-02-20",
    "birthplace": "Downington, Pensylvania, USA"
  },
  {
    "name": "Milla Jovovich",
    "birthname": "Milica Bogdanovna Jovovich",
    "birthdate": "1975-12-17",
    "birthplace": "Kiev, Ukraine"
  },
  {
    "name": "Millie Bobby Brown",
    "birthname": "Millie Bobby Brown",
    "birthdate": "2004-02-19",
    "birthplace": "Málaga, Andalucía, Spain"
  },
  {
    "name": "Minami Takayama",
    "birthname": "Minami Takayama",
    "birthdate": "1964-05-05",
    "birthplace": "Tokyo, Japan"
  },
  {
    "name": "Morgan Freeman",
    "birthname": "Morgan Freeman",
    "birthdate": "1937-06-01",
    "birthplace": "Memphis, Tennessee, USA"
  },
  {
    "name": "Naoko Matsui",
    "birthname": "Naoko Matsui",
    "birthdate": "1961-04-04",
    "birthplace": "Hokkaido, Japan"
  },
  {
    "name": "Natalie Portman",
    "birthname": "Natalie Hershlag",
    "birthdate": "1981-06-09",
    "birthplace": "Jerusalem, Israel"
  },
  {
    "name": "Nathalie Kelley",
    "birthname": "Nathalie Kelley",
    "birthdate": "1985-03-03",
    "birthplace": "Lima, Peru"
  },
  {
    "name": "Nawazuddin Siddiqui",
    "birthname": "Nawazuddin Siddiqui",
    "birthdate": "1974-05-19",
    "birthplace": "Budhana, Uttar Pradesh, India"
  },
  {
    "name": "Neve Campbell",
    "birthname": " Neve Adrianne Campbell",
    "birthdate": "1973-10-03",
    "birthplace": "Guelph, Ontario, Canada"
  },
  {
    "name": "Nick Offerman",
    "birthname": "Nicholas Offermann",
    "birthdate": "1970-06-26",
    "birthplace": "Minooka, Illinois, USA"
  },
  {
    "name": "Nicolas Cage",
    "birthname": "Nicolas Kim Coppola",
    "birthdate": "1964-01-07",
    "birthplace": "Long Beach, California, USA"
  },
  {
    "name": "Norio Wakamoto",
    "birthname": "Norio Wakamoto",
    "birthdate": "1945-10-18",
    "birthplace": "Shimonoseki, Yamaguchi, Japan"
  },
  {
    "name": "Olivia Wilde",
    "birthname": "Olivia Wilde",
    "birthdate": "1984-03-10",
    "birthplace": "New York City, New York, USA"
  },
  {
    "name": "Owen Wilson",
    "birthname": "Owen Cunningham Wilson",
    "birthdate": "1968-11-18",
    "birthplace": "Dallas, Texas, USA"
  },
  {
    "name": "Patrick Dempsey",
    "birthname": "Patrick Galen Dempsey",
    "birthdate": "1966-01-13",
    "birthplace": "Lewiston, Maine, USA"
  },
  {
    "name": "Patrick Stewart",
    "birthname": "Patrick Stewart",
    "birthdate": "1940-07-13",
    "birthplace": "Mirfield, Yorkshire, England, UK"
  },
  {
    "name": "Paul Rudd",
    "birthname": "Paul Stephen Rudd",
    "birthdate": "1969-04-06",
    "birthplace": "Passaic, New Jersey, United States"
  },
  {
    "name": "Paul Walker",
    "birthname": "Paul William Walker IV",
    "birthdate": "1973-09-12",
    "birthplace": "Glendale, California, USA"
  },
  {
    "name": "Piper Perabo",
    "birthname": "Piper Lisa Perabo",
    "birthdate": "1976-10-31",
    "birthplace": "Dallas, Texas, U.S."
  },
  {
    "name": "Prabhas",
    "birthname": "Venkata Satyanarayana Prabhas Raju Uppalapati",
    "birthdate": "1979-10-23",
    "birthplace": "Chennai, India"
  },
  {
    "name": "Priyanka Chopra",
    "birthname": "Priyanka Chopra",
    "birthdate": "1982-07-18",
    "birthplace": "Jamshedpur, Bihar (now in Jharkhand), India"
  },
  {
    "name": "Rachel Mcadams",
    "birthname": "Rachel Anne Mcadams",
    "birthdate": "1978-11-17",
    "birthplace": "London, Canada"
  },
  {
    "name": "Raffey Cassidy",
    "birthdate": "30 August 2002",
    "birthplace": " Worsley, Manchester, England"
  },
  {
    "name": "Rainn Wilson",
    "birthname": "Rainn Dietrich Wilson",
    "birthdate": "1966-01-20",
    "birthplace": "Seattle, Washington, USA"
  },
  {
    "name": "Rajinikanth",
    "birthname": "Shivaji Rao Gaekwad",
    "birthdate": "1950-12-12",
    "birthplace": "Bangalore, India"
  },
  {
    "name": "Ramya Krishnan",
    "birthname": "Ramya Krishnan",
    "birthdate": "1970-09-15",
    "birthplace": "Chennai, India"
  },
  {
    "name": "Rana Daggubati",
    "birthname": "Ramanaidu Rana Daggubati",
    "birthdate": "1984-12-14",
    "birthplace": "Chennai, India"
  },
  {
    "name": "Ranjan Ramanayake",
    "birthname": "Ranjan Ramanayake",
    "birthdate": "1963-03-11",
    "birthplace": "Negombo,Srilanka"
  },
  {
    "name": "Rebecca Ferguson",
    "birthname": "Rebecca Louisa Ferguson Sundström",
    "birthdate": "1983-10-19",
    "birthplace": "Stockholm, Sweden"
  },
  {
    "name": "Regé-Jean Page",
    "birthname": "Regé-Jean Page",
    "birthdate": "1988-04-27",
    "birthplace": "London, England"
  },
  {
    "name": "Rikiya Koyama",
    "birthname": "Rikiya Koyama",
    "birthdate": "1963-12-18",
    "birthplace": "Kyoto, Japan"
  },
  {
    "name": "Robert Carlyle",
    "birthname": "Robert Carlyle",
    "birthdate": "1961-04-14",
    "birthplace": "Glasgow, Scotland, UK"
  },
  {
    "name": "Robert De Niro",
    "birthname": "Robert Anthony De Niro Jr",
    "birthdate": "1943-08-17",
    "birthplace": "Greenwich Village, New York City, New York, USA"
  },
  {
    "name": "Robert Downey Jr.",
    "birthname": "Robert John Downey Jr.",
    "birthdate": "1965-04-04",
    "birthplace": "Manhattan, New York City, New York, U.S."
  },
  {
    "name": "Robin Wright",
    "birthname": "Robin Gayle Wright",
    "birthdate": "1966-04-08",
    "birthplace": "Dallas, TX, United States"
  },
  {
    "name": "Ron Perlman",
    "birthname": "Ronald N. Perlman",
    "birthdate": "1950-04-13",
    "birthplace": "Washington Heights, New York, United States"
  },
  {
    "name": "Rosamund Pike",
    "birthname": "Rosamund Mary Ellen Pike ",
    "birthdate": "1979-01-27",
    "birthplace": "Hammersmith, London, United Kingdom"
  },
  {
    "name": "Rosario Dawson",
    "birthname": "Rosario Isabel Dawson",
    "birthdate": "1979-04-23",
    "birthplace": "New York City, New York, USA"
  },
  {
    "name": "Rowan Atkinson",
    "birthname": "Rowan Sebastian Atkinson",
    "birthdate": "1955-01-06",
    "birthplace": "Consett, United Kingdom"
  },
  {
    "name": "Rukmani Devi",
    "birthname": "Daisy Rasammah Daniels",
    "birthdate": "1923-01-15",
    "birthplace": "Nuwara Eliya, Sri Lanka"
  },
  {
    "name": "Rune Temte",
    "birthname": "Rune Temte",
    "birthdate": "1965-09-29",
    "birthplace": "Solbergelva, Nedre Eiker, Norway"
  },
  {
    "name": "Russell Wong",
    "birthname": "Russell Girard Wong",
    "birthdate": "1963-03-01",
    "birthplace": "Troy, New York, United States"
  },
  {
    "name": "Ryan Gosling",
    "birthname": "Ryan Thomas Gosling",
    "birthdate": "1980-11-12",
    "birthplace": "London, Ontario, Canada"
  },
  {
    "name": "Ryan Reynolds",
    "birthname": "Ryan Rodney Reynolds",
    "birthdate": "1976-10-23",
    "birthplace": "Vancouver, British Columbia, Canada"
  },
  {
    "name": "Ryan Stiles",
    "birthname": "Ryan Lee Stiles",
    "birthdate": "1959-04-22",
    "birthplace": "Seattle, Washington, United States"
  },
  {
    "name": "Ryo Horikawa",
    "birthname": "Ryo Horikawa",
    "birthdate": "1958-02-01",
    "birthplace": "Osaka, Japan"
  },
  {
    "name": "Ryotaro Okiayu",
    "birthname": "Ryotaro Okiayu",
    "birthdate": "1969-11-17",
    "birthplace": "Kitakyushu, Fukuoka, Japan"
  },
  {
    "name": "Sam Claflin",
    "birthname": "Sam Claflin",
    "birthdate": "1986-06-27",
    "birthplace": " Ipswich, Suffolk, England, UK"
  },
  {
    "name": "Samuel L. Jackson",
    "birthname": "Samuel Leroy Jackson",
    "birthdate": "1948-12-21",
    "birthplace": "Washington DC, U.S."
  },
  {
    "name": "Sasha Barrese",
    "birthname": "Sasha Feline Barrese",
    "birthdate": "1981-04-24",
    "birthplace": "Maui, Hawaii, United States"
  },
  {
    "name": "Sathyaraj",
    "birthname": "Rangaraj",
    "birthdate": "1954-10-03",
    "birthplace": "Coimbatore, India"
  },
  {
    "name": "Satsuki Yukino",
    "birthname": "Satsuki Yukino",
    "birthdate": "1970-05-25",
    "birthplace": "Otsu, Shiga, Japan"
  },
  {
    "name": "Scarlett Johansson",
    "birthname": "Scarlett Johansson",
    "birthdate": "1984-11-22",
    "birthplace": "Manhattan, New York, United States"
  },
  {
    "name": "Sean Bean",
    "birthname": "Shaun Mark Bean",
    "birthdate": "1959-04-17",
    "birthplace": "Handsworth, Sheffield, West Riding of Yorkshire, England"
  },
  {
    "name": "Sean Connery",
    "birthname": "Thomas Sean Connery",
    "birthdate": "1930-08-25",
    "birthplace": "Fountainbridge, Edinburgh, Scotland"
  },
  {
    "name": "Sean Penn",
    "birthname": "Sean Justin Penn",
    "birthdate": "1960-08-17",
    "birthplace": "Santa Monica, California, USA"
  },
  {
    "name": "Shahrukh Khan",
    "birthname": "Shah Rukh Khan",
    "birthdate": "1965-11-02",
    "birthplace": "New Delhi, India"
  },
  {
    "name": "Sienna Guillory",
    "birthname": "Sienna Tiggy Guillory",
    "birthdate": "1975-03-16",
    "birthplace": "Kettering, Northamptonshire, England, UK"
  },
  {
    "name": "Simon Pegg",
    "birthname": "Simon John Beckingham",
    "birthdate": "1970-02-14",
    "birthplace": "Brockworth, England, United Kingdom"
  },
  {
    "name": "Skeet Ulrich",
    "birthname": "Bryan Ray Trout",
    "birthdate": "1970-01-20",
    "birthplace": "Lynchburg, Virginia"
  },
  {
    "name": "Sônia Braga",
    "birthname": "Sônia Maria Campos Braga",
    "birthdate": "1950-06-08",
    "birthplace": "Maringá, Paraná"
  },
  {
    "name": "Stephen Amell",
    "birthname": "Stephen Amell",
    "birthdate": "1981-05-08",
    "birthplace": "Toronto, Ontario, Canada"
  },
  {
    "name": "Steve Carell",
    "birthname": "Steven John Carell",
    "birthdate": "1962-08-16",
    "birthplace": "Los Angeles, California, U.S."
  },
  {
    "name": "Steve Coogan",
    "birthname": "Stephen John Coogan",
    "birthdate": "1965-10-14",
    "birthplace": "Middleton, Lancashire, England"
  },
  {
    "name": "Sung Kang",
    "birthname": "Sung Kang (Korean name: Kang Sung-Ho; Hangul: 강성호)",
    "birthdate": "1972-04-08",
    "birthplace": "Gainesville, GA, United States of America"
  },
  {
    "name": "Suzu Hirose",
    "birthname": "Suzu Hirose",
    "birthdate": "1998-06-19",
    "birthplace": "Shizuoka City, Shizuoka Prefecture, Japan"
  },
  {
    "name": "Tamannaah",
    "birthname": "Tamannaah Bhatia",
    "birthdate": "1989-12-21",
    "birthplace": "Mumbai, India"
  },
  {
    "name": "Tiger Sheroff",
    "birthname": "Singanya Sheroff",
    "birthdate": "1977-04-23",
    "birthplace": "Delhi, Mumbai, India"
  },
  {
    "name": "Timothée Chalamet",
    "birthname": "Timothée Hal Chalamet",
    "birthdate": "1995-12-27",
    "birthplace": "New York City, U.S."
  },
  {
    "name": "Tim Robbins",
    "birthname": "Timothy Francis Robbins",
    "birthdate": "1958-10-16",
    "birthplace": "West Covina, California, USA"
  },
  {
    "name": "Tom Cruise",
    "birthname": "Thomas Cruise Mapother IV",
    "birthdate": "1962-07-03",
    "birthplace": "Syracuse, New York, USA"
  },
  {
    "name": "Tom Hanks",
    "birthname": "Thomas Jeffrey Hanks",
    "birthdate": "1956-07-09",
    "birthplace": "Concord, California, U.S."
  },
  {
    "name": "Tom Hardy",
    "birthname": "Edward Thomas Hardy",
    "birthdate": "1977-09-15",
    "birthplace": "HammerSmith, London, England"
  },
  {
    "name": "Tom Holland",
    "birthname": "Thomas Stanley Holland",
    "birthdate": "1996-06-01",
    "birthplace": "Kingston upon Thames, London, England"
  },
  {
    "name": "Tommy Lister",
    "birthname": "Thomas Lister Jr.",
    "birthdate": "1958-06-24",
    "birthplace": "Compton, California, U.S."
  },
  {
    "name": "Tommy Wiseau",
    "birthname": "Piotr Wieczorkiewicz",
    "birthdate": "1955-09-03",
    "birthplace": "Poznan, Poland"
  },
  {
    "name": "Toni Collette",
    "birthname": "Toni Collett",
    "birthdate": "1972-11-01",
    "birthplace": "Blacktown, New South Wales, Australia"
  },
  {
    "name": "Tye Sheridan",
    "birthname": "Tye Sheridan",
    "birthdate": "1996-11-11",
    "birthplace": "Elkhart, Texas, USA"
  },
  {
    "name": "Udo Kier",
    "birthname": "Udo Kierspe",
    "birthdate": "1944-10-14",
    "birthplace": "Cologne, North Rhine-Westphalia"
  },
  {
    "name": "Una O'Connor",
    "birthname": "Agnes Teresa McGlade",
    "birthdate": "1880-10-23",
    "birthplace": "Belfast, Ireland"
  },
  {
    "name": "Victor Buono",
    "birthname": "Victor Buono",
    "birthdate": "1938-02-03",
    "birthplace": "San Diego, California, USA"
  },
  {
    "name": "Vijaya Nandasiri",
    "birthname": "Ilukpitiya Mudiyanselage Vijaya Nandasiri",
    "birthdate": "1947-05-06",
    "birthplace": "Maharagama, Sri Lanka"
  },
  {
    "name": "Vin Diesel",
    "birthname": "Mark Sinclair",
    "birthdate": "1967-07-18",
    "birthplace": "Alameda County, California, USA"
  },
  {
    "name": "Ving Rhames",
    "birthname": "Irving Rameses Rhames",
    "birthdate": "1959-05-12",
    "birthplace": "New York, New York, United States"
  },
  {
    "name": "Wakana Yamazaki",
    "birthname": "Wakana Yamazaki",
    "birthdate": "1965-03-21",
    "birthplace": "Yokohama, Kanagawa,"
  },
  {
    "name": "Wataru Takagi",
    "birthname": "Wataru Takagi",
    "birthdate": "1966-07-25",
    "birthplace": "Chiba, Japan"
  },
  {
    "name": "Wayne Brady",
    "birthname": "Wayne Alphonso Brady",
    "birthdate": "1972-06-02",
    "birthplace": "Columbus, Georgia, United States"
  },
  {
    "name": "Will Ferrell",
    "birthname": "John William Ferrell",
    "birthdate": "1967-07-16",
    "birthplace": "Irvine, California, United States"
  },
  {
    "name": "William Harrigan",
    "birthname": "William Harrigan",
    "birthdate": "1886-03-27",
    "birthplace": "New York, USA"
  },
  {
    "name": "William Sadler",
    "birthname": "William Thomas Sadler",
    "birthdate": "1950-04-13",
    "birthplace": "Buffalo, New York, USA"
  },
  {
    "name": "Will Smith",
    "birthname": "Willard Carroll Smith Jr.",
    "birthdate": "1968-09-25",
    "birthplace": "Philadelphia, Pennsylvania, USA"
  },
  {
    "name": "Yukiko Iwai",
    "birthname": "Yukiko Iwai",
    "birthdate": "1972-01-13",
    "birthplace": "Chiba, Japan"
  },
  {
    "name": "Yuko Miyamura",
    "birthname": "Yuko Miyamura",
    "birthdate": "1972-12-04",
    "birthplace": "Kobe, Japan"
  },
  {
    "name": "Zach Woods",
    "birthname": "Zach Woods",
    "birthdate": "1984-09-25",
    "birthplace": "Trenton, New Jersey, USA"
  },
  {
    "name": "Zazie Beetz",
    "birthname": "Zazie Olivia Beetz",
    "birthdate": "1991-05-25",
    "birthplace": "Mitte, Berlin, Germany"
  },
  {
    "name": "Zendaya",
    "birthname": "Zendaya Maree Stoermer Coleman",
    "birthdate": "1996-09-01",
    "birthplace": "Oakland, California, U.S."
  },
  {
    "name": "Zhang Ziyi",
    "birthname": "Zhang Ziyi",
    "birthdate": "1979-02-09",
    "birthplace": "Pequim, China"
  }
]
